[{"model": "auth.user", "pk": 1, "fields": {"password": "pbkdf2_sha256$150000$RgeR05aTYNkU$GkTWNqV8AwBC0vdgEcwAAVru56smza8SfMDSWCadtkk=", "last_login": "2019-11-18T20:42:51.426Z", "is_superuser": false, "username": "tester1", "first_name": "Aron", "last_name": "Terrr", "email": "tester3@test.com", "is_staff": false, "is_active": true, "date_joined": "2019-11-18T20:28:55.486Z", "groups": [], "user_permissions": []}}, {"model": "auth.user", "pk": 2, "fields": {"password": "pbkdf2_sha256$150000$3kczcQtIPr24$EJecKSlelC3S005S+axaipiBJ6Pfb5zmzQu/O5kE5fc=", "last_login": "2019-11-18T20:31:34.239Z", "is_superuser": false, "username": "tester5", "first_name": "Tomek", "last_name": "Morski", "email": "asap.'ip@gmail.com", "is_staff": false, "is_active": true, "date_joined": "2019-11-18T20:31:26.040Z", "groups": [], "user_permissions": []}}, {"model": "auth.user", "pk": 3, "fields": {"password": "pbkdf2_sha256$150000$RrCX3FBerKyd$D1KLEPkTX2TCXJOvjniJWIPYiWR+lJFeK4RZXAsyW9w=", "last_login": "2019-11-18T20:52:56.587Z", "is_superuser": true, "username": "admin", "first_name": "", "last_name": "", "email": "asdf@fs.com", "is_staff": true, "is_active": true, "date_joined": "2019-11-18T20:32:05.368Z", "groups": [], "user_permissions": []}}, {"model": "sessions.session", "pk": "2qsz8z5ad7vgif6xarz6rw6os7p6vu02", "fields": {"session_data": "NTEwNzA4NmQwZTEwZTY2MDQ5NTRmYTE1Nzk1ODU1MTk5ZDE2NzhlMzp7Il9hdXRoX3VzZXJfaWQiOiIzIiwiX2F1dGhfdXNlcl9iYWNrZW5kIjoiZGphbmdvLmNvbnRyaWIuYXV0aC5iYWNrZW5kcy5Nb2RlbEJhY2tlbmQiLCJfYXV0aF91c2VyX2hhc2giOiJkZjc2NThiNDUxZmVkN2MzMjNjZDI0OTg5NWIxZDU4MmI4ZDRkNWJhIn0=", "expire_date": "2019-12-02T20:52:56.738Z"}}, {"model": "product_manager_ices.flavour", "pk": 1, "fields": {"flavour": "nutella"}}, {"model": "product_manager_ices.flavour", "pk": 2, "fields": {"flavour": "kinderbueno"}}, {"model": "product_manager_ices.flavour", "pk": 3, "fields": {"flavour": "chocolate"}}, {"model": "product_manager_ices.flavour", "pk": 4, "fields": {"flavour": "cherry"}}, {"model": "product_manager_ices.flavour", "pk": 5, "fields": {"flavour": "M&Ms"}}, {"model": "product_manager_ices.flavour", "pk": 6, "fields": {"flavour": "coconut"}}, {"model": "product_manager_ices.flavour", "pk": 7, "fields": {"flavour": "strawberry"}}, {"model": "product_manager_ices.flavour", "pk": 8, "fields": {"flavour": "raspberry"}}, {"model": "product_manager_ices.flavour", "pk": 9, "fields": {"flavour": "banana"}}, {"model": "product_manager_ices.flavour", "pk": 10, "fields": {"flavour": "rafaello"}}, {"model": "product_manager_ices.ices", "pk": 1, "fields": {"type": "thai", "price": "15.00"}}, {"model": "product_manager_ices.ices", "pk": 2, "fields": {"type": "scoope", "price": "5.00"}}, {"model": "product_manager_ices.order", "pk": 1, "fields": {"worker_owner": 3, "time_sell": "2019-11-18T20:41:40.824Z", "status": "3"}}, {"model": "product_manager_ices.order", "pk": 2, "fields": {"worker_owner": 3, "time_sell": "2019-11-18T20:41:48.608Z", "status": "3"}}, {"model": "product_manager_ices.order", "pk": 3, "fields": {"worker_owner": 3, "time_sell": "2019-11-18T20:42:02.008Z", "status": "3"}}, {"model": "product_manager_ices.order", "pk": 4, "fields": {"worker_owner": 3, "time_sell": "2019-11-18T20:42:20.817Z", "status": "3"}}, {"model": "product_manager_ices.order", "pk": 5, "fields": {"worker_owner": 1, "time_sell": "2019-11-18T20:42:55.050Z", "status": "3"}}, {"model": "product_manager_ices.order", "pk": 6, "fields": {"worker_owner": 1, "time_sell": "2019-11-18T20:43:08.025Z", "status": "3"}}, {"model": "product_manager_ices.order", "pk": 7, "fields": {"worker_owner": 1, "time_sell": "2019-11-18T20:43:26.056Z", "status": "3"}}, {"model": "product_manager_ices.order", "pk": 8, "fields": {"worker_owner": 1, "time_sell": "2019-11-18T20:43:45.344Z", "status": "3"}}, {"model": "product_manager_ices.order", "pk": 9, "fields": {"worker_owner": 1, "time_sell": "2019-11-18T20:43:54.577Z", "status": "3"}}, {"model": "product_manager_ices.order", "pk": 10, "fields": {"worker_owner": 1, "time_sell": "2019-11-18T20:44:03.268Z", "status": "3"}}, {"model": "product_manager_ices.order", "pk": 11, "fields": {"worker_owner": 1, "time_sell": "2019-11-18T20:44:09.807Z", "status": "3"}}, {"model": "product_manager_ices.order", "pk": 12, "fields": {"worker_owner": 1, "time_sell": "2019-11-18T20:44:15.982Z", "status": "3"}}, {"model": "product_manager_ices.order", "pk": 14, "fields": {"worker_owner": 3, "time_sell": "2019-11-18T20:53:08.286Z", "status": "3"}}, {"model": "product_manager_ices.orderitem", "pk": 1, "fields": {"ice": 2, "quantity": 4, "flavour": [3, 4, 5, 9], "order": [1]}}, {"model": "product_manager_ices.orderitem", "pk": 2, "fields": {"ice": 1, "quantity": 1, "flavour": [2, 3], "order": [2]}}, {"model": "product_manager_ices.orderitem", "pk": 3, "fields": {"ice": 2, "quantity": 3, "flavour": [3, 4, 5], "order": [2]}}, {"model": "product_manager_ices.orderitem", "pk": 4, "fields": {"ice": 2, "quantity": 2, "flavour": [1, 2], "order": [2]}}, {"model": "product_manager_ices.orderitem", "pk": 5, "fields": {"ice": 1, "quantity": 1, "flavour": [3, 4, 9], "order": [2]}}, {"model": "product_manager_ices.orderitem", "pk": 6, "fields": {"ice": 2, "quantity": 2, "flavour": [4, 8], "order": [3]}}, {"model": "product_manager_ices.orderitem", "pk": 7, "fields": {"ice": 2, "quantity": 3, "flavour": [3, 4, 5], "order": [3]}}, {"model": "product_manager_ices.orderitem", "pk": 8, "fields": {"ice": 2, "quantity": 1, "flavour": [7], "order": [3]}}, {"model": "product_manager_ices.orderitem", "pk": 9, "fields": {"ice": 1, "quantity": 1, "flavour": [1, 2, 6], "order": [3]}}, {"model": "product_manager_ices.orderitem", "pk": 10, "fields": {"ice": 1, "quantity": 1, "flavour": [1, 2, 6], "order": [3]}}, {"model": "product_manager_ices.orderitem", "pk": 11, "fields": {"ice": 1, "quantity": 1, "flavour": [3, 5, 9], "order": [4]}}, {"model": "product_manager_ices.orderitem", "pk": 12, "fields": {"ice": 1, "quantity": 1, "flavour": [2, 3, 7], "order": [4]}}, {"model": "product_manager_ices.orderitem", "pk": 13, "fields": {"ice": 1, "quantity": 1, "flavour": [1, 7, 8], "order": [4]}}, {"model": "product_manager_ices.orderitem", "pk": 14, "fields": {"ice": 1, "quantity": 1, "flavour": [4, 5, 9], "order": [4]}}, {"model": "product_manager_ices.orderitem", "pk": 15, "fields": {"ice": 1, "quantity": 1, "flavour": [2, 5, 9], "order": [5]}}, {"model": "product_manager_ices.orderitem", "pk": 16, "fields": {"ice": 2, "quantity": 3, "flavour": [3, 4, 9], "order": [5]}}, {"model": "product_manager_ices.orderitem", "pk": 17, "fields": {"ice": 1, "quantity": 1, "flavour": [2, 5, 9], "order": [5]}}, {"model": "product_manager_ices.orderitem", "pk": 18, "fields": {"ice": 2, "quantity": 4, "flavour": [4, 5, 9, 10], "order": [6]}}, {"model": "product_manager_ices.orderitem", "pk": 19, "fields": {"ice": 1, "quantity": 3, "flavour": [2, 3, 8], "order": [6]}}, {"model": "product_manager_ices.orderitem", "pk": 20, "fields": {"ice": 1, "quantity": 3, "flavour": [1, 3, 4], "order": [6]}}, {"model": "product_manager_ices.orderitem", "pk": 21, "fields": {"ice": 2, "quantity": 3, "flavour": [3, 4, 8], "order": [7]}}, {"model": "product_manager_ices.orderitem", "pk": 22, "fields": {"ice": 2, "quantity": 1, "flavour": [4], "order": [7]}}, {"model": "product_manager_ices.orderitem", "pk": 23, "fields": {"ice": 2, "quantity": 1, "flavour": [7], "order": [7]}}, {"model": "product_manager_ices.orderitem", "pk": 24, "fields": {"ice": 2, "quantity": 2, "flavour": [5, 9], "order": [7]}}, {"model": "product_manager_ices.orderitem", "pk": 25, "fields": {"ice": 1, "quantity": 1, "flavour": [2, 3, 4], "order": [7]}}, {"model": "product_manager_ices.orderitem", "pk": 26, "fields": {"ice": 2, "quantity": 3, "flavour": [3, 5, 9], "order": [7]}}, {"model": "product_manager_ices.orderitem", "pk": 27, "fields": {"ice": 1, "quantity": 1, "flavour": [2], "order": [8]}}, {"model": "product_manager_ices.orderitem", "pk": 28, "fields": {"ice": 2, "quantity": 2, "flavour": [2, 7], "order": [9]}}, {"model": "product_manager_ices.orderitem", "pk": 29, "fields": {"ice": 2, "quantity": 2, "flavour": [3, 4], "order": [10]}}, {"model": "product_manager_ices.orderitem", "pk": 30, "fields": {"ice": 2, "quantity": 2, "flavour": [3, 4], "order": [11]}}, {"model": "product_manager_ices.orderitem", "pk": 31, "fields": {"ice": 2, "quantity": 2, "flavour": [3, 4], "order": [12]}}, {"model": "product_manager_ices.orderitem", "pk": 32, "fields": {"ice": 1, "quantity": 1, "flavour": [2, 8], "order": [14]}}, {"model": "users_app.profileuser", "pk": 1, "fields": {"user": 1, "image_from_cl": "image/upload/v1565630684/non_existing_id.png", "location": "", "birth_date": null}}, {"model": "users_app.profileuser", "pk": 2, "fields": {"user": 2, "image_from_cl": "image/upload/v1565630684/non_existing_id.png", "location": "", "birth_date": null}}, {"model": "users_app.profileuser", "pk": 3, "fields": {"user": 3, "image_from_cl": "image/upload/v1565630684/non_existing_id.png", "location": "", "birth_date": null}}, {"model": "sites.site", "pk": 1, "fields": {"domain": "example.com", "name": "example.com"}}]